Designator,Mid X,Mid Y,Rotation,Layer
C1,194.310468,-88.31157,90.0,top
C2,175.227266,-90.109257,270.0,bottom
C3,177.06583,-90.119586,270.0,bottom
D1,193.341413,-84.903608,180.0,top
J1,179.126176,-86.390987,90.0,top
J2,203.779816,-85.585324,0.0,top
J3,175.26,-93.141324,0.0,top
J4,175.26,-85.498104,0.0,top
RV1,199.658541,-91.627795,270.0,top
SW1,187.316892,-91.863134,180.0,top
U1,182.88,-91.44,180.0,bottom
U2,164.668111,-90.117857,90.0,bottom
